model,MAE,RMSE,R2
RandomForest,30542505.466066666,53977858.086295135,0.9497332919489535
